best_iteration_one_fraction,coverage,elapsed_seconds,eligible,expected_dates,ic_mean,icir,positive_rank_ic_fraction,rank_ic_mean,rank_icir,valid_dates,without_best_fold,worst_fold,trial_id,feature_set,horizon,train_window,stop_metric,seed,structure_id,fold_rank_ic,interval
0.0,1.0,38.83999913199841,True,44,0.14086790180752476,1.6918139732355824,1.0,0.1561235709988648,1.7313353753469796,44,0.10260928364819917,0.06137189223551113,6eb0c169b05133dbe90d,alpha158,20,expanding,rank_ic,20260829,85f6ae099df680cf9f70,"{'1': 0.11085676193073679, '2': 0.2203407158196636, '3': 0.06137189223551113}","[0.1205657172419236, 0.21570544012447568]"
0.3333333333333333,1.0,57.64408393099984,True,44,0.11602427946953132,1.5400577340178145,0.9772727272727273,0.1541481393768925,1.7143379688552085,44,0.13266716345409904,0.12455754808088805,6ecb699f9ee74147c294,alpha360,20,252,l2,20260829,f6e6bf073bc8fdd33b6c,"{'1': 0.17992531048424468, '2': 0.13428908652874125, '3': 0.12455754808088805}","[0.12399565642160035, 0.17900759197524643]"
0.0,1.0,36.60559212199951,True,44,0.15167548173309042,1.6739921953531356,0.9772727272727273,0.15330672735523962,1.5386518707219445,44,0.09108128652367636,0.05489722341006194,be508a35ae11c0348c47,alpha158,20,expanding,rank_ic,20260829,22e04a49ec0ba56a498e,"{'1': 0.09831809914639925, '2': 0.22797725635311555, '3': 0.05489722341006194}","[0.1100187579493264, 0.22496601553244294]"
0.3333333333333333,1.0,92.03141634799977,True,44,0.12101043380505766,1.8288020104975766,0.9772727272727273,0.14919708627265396,1.6248604872607524,44,0.125190505809905,0.12271041770452477,294ae86ddad9ceb9b61a,alpha360,20,252,l2,20260830,4fe317576c1ad58b5dea,"{'1': 0.17800498282795268, '2': 0.12271041770452477, '3': 0.1375909463368061}","[0.11644950165114656, 0.17599523458983607]"
0.3333333333333333,1.0,96.32790552200095,True,44,0.11932527435815383,1.730139433997977,0.9318181818181818,0.1490000464877255,1.5704378282538083,44,0.1253251091927117,0.12057755441100071,78f2e5e6f09ecd229487,alpha360,20,252,l2,20260831,4fe317576c1ad58b5dea,"{'1': 0.177409971241742, '2': 0.12057755441100071, '3': 0.14906288310126675}","[0.11510011346980728, 0.17373791828574095]"
0.3333333333333333,1.0,57.00962430800064,True,44,0.11802959013658067,1.7709863866652518,0.9772727272727273,0.14389376249853608,1.5833672875737252,44,0.1161098876899338,0.10926707348723359,8e097e71821ba0fc4596,alpha360,20,252,l2,20260831,f6e6bf073bc8fdd33b6c,"{'1': 0.1772344122688588, '2': 0.10926707348723359, '3': 0.1503239587034349}","[0.1056476454091005, 0.17177402428371472]"
0.3333333333333333,1.0,92.93731444100013,True,44,0.1130391348273194,1.4966662946946037,0.9545454545454546,0.14274956809133219,1.61995434042692,44,0.12132941959138525,0.11307795957815218,2b11cd19f5aec5b6795b,alpha360,20,252,l2,20260829,c1f2bdc194ca67f7a403,"{'1': 0.1684537462912684, '2': 0.11307795957815218, '3': 0.16258671965755064}","[0.10881149080710886, 0.16543644569921853]"
0.3333333333333333,1.0,87.35439856800076,True,44,0.1253396566814834,1.8446550371331618,0.9772727272727273,0.14145360678522736,2.0196585653022696,44,0.13677862187008907,0.125254471553849,0b61155b01509d06732e,alpha360,20,252,l2,20260829,4fe317576c1ad58b5dea,"{'1': 0.14706358868339336, '2': 0.1390834519333371, '3': 0.125254471553849}","[0.1292761354222775, 0.15922138339784656]"
0.3333333333333333,1.0,89.35618380499909,True,44,0.10584392574885403,1.3436897237443244,0.9772727272727273,0.13992912842043126,1.7623671962396144,44,0.13740530876694548,0.12120173792182605,de4b828acdfca92d823a,alpha360,20,252,l2,20260830,c1f2bdc194ca67f7a403,"{'1': 0.15360887961206493, '2': 0.12120173792182605, '3': 0.16516732495528919}","[0.11277388592710834, 0.1580141089004511]"
0.3333333333333333,1.0,107.35019988299973,True,44,0.10054170519046018,1.3047368183056078,0.9772727272727273,0.1345890671079141,1.6596237824826092,44,0.12022049547581719,0.11458492979173544,8d5f3b1124ca5a74a626,alpha360,20,252,l2,20260831,c1f2bdc194ca67f7a403,"{'1': 0.1518313530664304, '2': 0.11458492979173544, '3': 0.14839832389622587}","[0.10804760382563496, 0.155362722906321]"
0.3333333333333333,1.0,31.48466879300031,True,44,0.11953670855100561,1.59081959938665,0.9090909090909091,0.1147861359930368,1.2897884696922004,44,0.057077385406910985,0.01505527314059254,b2f1a0ad8074ef17f959,alpha158,20,expanding,rank_ic,20260831,22e04a49ec0ba56a498e,"{'1': 0.06548180786017468, '2': 0.18403663669638784, '3': 0.01505527314059254}","[0.08447901033152024, 0.18575497757344894]"
0.3333333333333333,1.0,57.95331112299937,True,44,0.10277824121978453,1.4206600276461199,0.8409090909090909,0.09853371201966085,1.0406151079544572,44,0.09376238767947084,0.07208174282509697,d06c5459577eec57d3d5,alpha360,20,252,l2,20260830,f6e6bf073bc8fdd33b6c,"{'1': 0.07208174282509697, '2': 0.11544303253384476, '3': 0.1462469554215606}","[0.084059340969244, 0.15251001067017386]"
0.0,1.0,32.52072695500101,True,44,0.11538546241026411,1.1980808948675163,0.7272727272727273,0.05289206018986356,0.4083386686080234,44,-0.012147193768294125,-0.0244085848608594,e2f6bfe90fc838d7240e,alpha158,20,expanding,rank_ic,20260831,85f6ae099df680cf9f70,"{'1': -0.0244085848608594, '2': 0.1309391649396528, '3': 0.049159761694532275}","[0.009164233914140939, 0.14416170521306415]"
0.3333333333333333,1.0,31.359096078998846,True,44,0.11130754733611545,1.7063611165665222,0.7272727272727273,0.04759067596304156,0.3274880192935337,44,-0.02103311507152104,-0.04051575367397086,b098f4eaea85d15fe29a,alpha158,20,expanding,rank_ic,20260830,22e04a49ec0ba56a498e,"{'1': -0.04051575367397086, '2': 0.12993922520451667, '3': 0.07638007794072808}","[-0.0006534589503688349, 0.14786339076720087]"
0.3333333333333333,1.0,30.64301286999944,True,44,0.08625665004229995,1.1073755658087814,0.7272727272727273,0.04059120054128378,0.2976099911329682,44,-0.02193673501558206,-0.0479017922558473,e959d70a301e7debde55,alpha158,20,expanding,rank_ic,20260830,85f6ae099df680cf9f70,"{'1': -0.0479017922558473, '2': 0.11562472320952277, '3': 0.10788855118574416}","[-0.006225380665750318, 0.12579460350083205]"
